"","Est","lci","uci","var","outcome_name"
"1",0.733618463773305,0.730113584502108,0.737140168068672,"anxiety","Anxiety"
"2",0.630467588544351,0.627792357046836,0.633154220090759,"depression","Depression"
"3",0.702003552923849,0.681594456019574,0.723023762833473,"feedingDisorder","Eating Disorders"
"4",0.783283941776958,0.755072732919241,0.812549184597915,"ocd","OCD"
"5",0.534667255461303,0.527816467983113,0.541606962652913,"selfharm","Self-harm"
"6",0.872093304716502,0.860046390599411,0.884308963381946,"smi","Severe Mental Illness"
