"","Est","lci","uci","var","outcome_name"
"1",1.0076371210018,1.00678842678628,1.00848653064259,"anxiety","Anxiety"
"2",1.01007479643122,1.00932099051392,1.01082916532439,"depression","Depression"
"3",1.02353331276156,1.01863844483436,1.02845170201976,"feedingDisorder","Eating Disorders"
"4",1.0061162014038,0.999693125289591,1.01258054608907,"ocd","OCD"
"5",1.00689382277257,1.00452513091914,1.00926810005232,"selfharm","Self-harm"
"6",1.00264501355899,1.00006515097763,1.0052315313977,"smi","Severe Mental Illness"
