"","Est","lci","uci","var","outcome_name"
"1",1.01454419640471,1.01106942932597,1.01803090530061,"anxiety","Anxiety"
"2",1.01901691905491,1.0157893752953,1.02225471793135,"depression","Depression"
"3",1.00349243813704,0.984081419593558,1.02328633926868,"feedingdisorder","Eating Disorders"
"4",1.00994629932491,0.982248955246447,1.03842464995461,"ocd","OCD"
"5",0.97044131295482,0.961637059899833,0.97932617321089,"selfharm","Self-harm"
"6",0.990096703964729,0.980354326145538,0.999935897723873,"smi","Severe Mental Illness"
