"","Est","lci","uci","var","outcome_name"
"1",1.71206569375837,1.56050304161479,1.87834875138159,"anxiety","Anxiety"
"2",1.7235031827885,1.58590684435134,1.87303764509388,"depression","Depression"
"3",2.3418985255744,1.33297199414419,4.11448157064152,"feedingdisorder","Eating Disorders"
"4",1.69614682962841,0.827939266509658,3.47478877259525,"ocd","OCD"
"5",2.66067375679836,2.08247072749824,3.39941625427793,"selfharm","Self-harm"
"6",1.76985237389321,1.34737062979982,2.3248075593282,"smi","Severe Mental Illness"
