"","Est","lci","uci","var","outcome_name"
"1",2.62758731926661,2.39992230217867,2.87684943554338,"anxiety","Anxiety"
"2",2.55639663219058,2.355720339848,2.77416789698264,"depression","Depression"
"3",4.28475256516181,2.48863490417493,7.37717875525311,"feedingdisorder","Eating Disorders"
"4",3.05800002494235,1.52488609086764,6.13250013135513,"ocd","OCD"
"5",3.29425202657525,2.5899179090871,4.19013142328527,"selfharm","Self-harm"
"6",2.69801420077703,2.06318529609903,3.52817589450538,"smi","Severe Mental Illness"
