"","Est","lci","uci","var","outcome_name"
"1",2.81833330180456,2.5696818699542,3.09104511843801,"anxiety","Anxiety"
"2",2.74565805961936,2.52593386707963,2.98449546862785,"depression","Depression"
"3",4.99102273485586,2.86538565721921,8.69352712682415,"feedingdisorder","Eating Disorders"
"4",3.26981025406446,1.61022302882465,6.63986224652944,"ocd","OCD"
"5",3.3341717528734,2.60971058680718,4.25974486744122,"selfharm","Self-harm"
"6",2.95725406380987,2.25046747543008,3.88601554716923,"smi","Severe Mental Illness"
