"","Est","lci","uci","var","outcome_name"
"1",0.990298657641357,0.967573092037589,1.01355798274739,"anxiety","Anxiety"
"2",0.93427625098305,0.915441255837896,0.953498771859491,"depression","Depression"
"3",0.891760487362608,0.785567784097978,1.01230827297013,"feedingdisorder","Eating Disorders"
"4",0.953453112681509,0.806553947905928,1.127107294487,"ocd","OCD"
"5",1.00640990779568,0.945943010044589,1.07074199159372,"selfharm","Self-harm"
"6",1.16970310853492,1.09255299332611,1.25230114280403,"smi","Severe Mental Illness"
