"","Est","lci","uci","var","outcome_name"
"1",1.85619585142373,1.68919350305602,2.03970890996755,"anxiety","Anxiety"
"2",1.85081554271442,1.70033296481457,2.01461610404456,"depression","Depression"
"3",2.67832466201282,1.504852956624,4.76685975435034,"feedingdisorder","Eating Disorders"
"4",1.82288252092399,0.879687354835746,3.77736552290291,"ocd","OCD"
"5",2.68594978223525,2.09285249975786,3.44712598404535,"selfharm","Self-harm"
"6",1.91333329014954,1.44914260634276,2.52621395794404,"smi","Severe Mental Illness"
