"","Est","lci","uci","var","outcome_name"
"1",1.02236991014146,1.01988699632079,1.02485886861322,"anxiety","Anxiety"
"2",1.02705353183447,1.02474971003471,1.02936253304032,"depression","Depression"
"3",1.02455683443945,1.01025171468854,1.0390645140555,"feedingdisorder","Eating Disorders"
"4",1.02692068389588,1.00743460098075,1.04678367209797,"ocd","OCD"
"5",0.987342308409602,0.980604678610863,0.994126231741603,"selfharm","Self-harm"
"6",1.000354933853,0.993154497977396,1.00760757336551,"smi","Severe Mental Illness"
