"","Est","lci","uci","var","outcome_name"
"1",1.01629285259646,1.0131043182997,1.01949142213912,"anxiety","Anxiety"
"2",1.02104877938916,1.01812062146763,1.02398535881659,"depression","Depression"
"3",1.00722742518472,0.989227301572633,1.02555508165962,"feedingdisorder","Eating Disorders"
"4",1.0200730171999,0.994681059898548,1.04611317372971,"ocd","OCD"
"5",0.967042626984615,0.958826520271619,0.975329136849894,"selfharm","Self-harm"
"6",0.991645625233036,0.982631233704894,1.00074271233591,"smi","Severe Mental Illness"
