"","Est","lci","uci","var","outcome_name"
"1",1.0032751677327,1.0000906299458,1.0064698458815,"anxiety","Anxiety"
"2",1.01040242653034,1.00746154487062,1.01335189291965,"depression","Depression"
"3",0.988431133357394,0.970039114953339,1.00717186588623,"feedingdisorder","Eating Disorders"
"4",1.00358891949468,0.978462995026791,1.02936005188927,"ocd","OCD"
"5",0.958377865310543,0.94987756368783,0.966954234766037,"selfharm","Self-harm"
"6",0.976976012807063,0.967680939563769,0.986360370010665,"smi","Severe Mental Illness"
