"","Est","lci","uci","var","outcome_name"
"1",1.01364244336486,1.0103304918411,1.01696525175474,"anxiety","Anxiety"
"2",1.01986320814826,1.01681424151218,1.02292131725812,"depression","Depression"
"3",0.998354423050315,0.979201770670738,1.01788169086071,"feedingdisorder","Eating Disorders"
"4",1.01872446848042,0.992309161600379,1.04584295181451,"ocd","OCD"
"5",0.961555551378522,0.952938835601777,0.970250181695009,"selfharm","Self-harm"
"6",0.985547987872011,0.97603752830836,0.995151116865359,"smi","Severe Mental Illness"
