"","Est","lci","uci","var","outcome_name"
"1",1.33802573622624,1.2171268504779,1.4709336747446,"anxiety","Anxiety"
"2",1.25350824884381,1.15129553831398,1.36479546530733,"depression","Depression"
"3",1.93520042582331,1.0758859519115,3.48085285568892,"feedingdisorder","Eating Disorders"
"4",1.25644450147277,0.60669737238452,2.6020432214442,"ocd","OCD"
"5",2.07225404356005,1.613954080466,2.66069330783631,"selfharm","Self-harm"
"6",1.60822222505328,1.22022669195898,2.11958871429298,"smi","Severe Mental Illness"
