"","Est","lci","uci","var","outcome_name"
"1",1.0042261592257,1.00409774845665,1.00435458641678,"anxiety","Anxiety"
"2",1.00551671541352,1.00540141620535,1.00563202784418,"depression","Depression"
"3",1.01010312889484,1.00933079433646,1.01087605443953,"feedingDisorder","Eating Disorders"
"4",1.00450815696481,1.0035272810723,1.00548999159311,"ocd","OCD"
"5",1.0051204541755,1.00476623386481,1.00547479936303,"selfharm","Self-harm"
"6",0.999621337926401,0.999243597210566,0.999999221438297,"smi","Severe Mental Illness"
