"","Est","lci","uci","var","outcome_name"
"1",1.44598409914152,1.3130429107202,1.59238513676852,"anxiety","Anxiety"
"2",1.34419645604477,1.23257525248405,1.46592600232878,"depression","Depression"
"3",2.13778574478094,1.1671096935513,3.91576551530691,"feedingdisorder","Eating Disorders"
"4",1.32604508878406,0.632151565345795,2.78160440293535,"ocd","OCD"
"5",2.07170620439503,1.60462685909895,2.67474433261009,"selfharm","Self-harm"
"6",1.70170400466892,1.28345130425117,2.25625741305066,"smi","Severe Mental Illness"
