"","Est","lci","uci","var","outcome_name"
"1",1.02353267060565,1.02100670066652,1.02606488979282,"anxiety","Anxiety"
"2",1.02773971816015,1.02538734544207,1.03009748752898,"depression","Depression"
"3",1.02156406525416,1.00716122629724,1.03617287100627,"feedingdisorder","Eating Disorders"
"4",1.02961891035911,1.00967877934745,1.0499528387179,"ocd","OCD"
"5",0.986911598412366,0.980162406508941,0.993707263829821,"selfharm","Self-harm"
"6",0.998279102700287,0.991040517270514,1.00557055894423,"smi","Severe Mental Illness"
