"","Est","lci","uci","var","outcome_name"
"1",0.832965131605397,0.81712521232033,0.849112106699261,"anxiety","Anxiety"
"2",0.793724026681506,0.780431148102885,0.807243319366401,"depression","Depression"
"3",0.781760397996578,0.700122955429668,0.872917128535949,"feedingdisorder","Eating Disorders"
"4",0.853882310749311,0.745257597687401,0.978339573958173,"ocd","OCD"
"5",1.02038971424796,0.971778247616128,1.07143288244741,"selfharm","Self-harm"
"6",0.978643938476753,0.921453515805099,1.03938391019159,"smi","Severe Mental Illness"
