"","Est","lci","uci","var","outcome_name"
"1",1.01045889410564,1.00679413592096,1.01413699211031,"anxiety","Anxiety"
"2",1.01562628815876,1.01220191484355,1.01906224644772,"depression","Depression"
"3",0.993182940234518,0.972071394754636,1.01475298840767,"feedingdisorder","Eating Disorders"
"4",1.00605041356296,0.976747342196564,1.03623259660379,"ocd","OCD"
"5",0.964472279986826,0.955099127541294,0.973937418681988,"selfharm","Self-harm"
"6",0.98388271670572,0.97347774705688,0.994398899367615,"smi","Severe Mental Illness"
