"","Est","lci","uci","var","outcome_name"
"1",1.0059397221638,1.00288415693187,1.00900459702418,"anxiety","Anxiety"
"2",1.01198405139092,1.00916739376744,1.01480857050518,"depression","Depression"
"3",0.999065641361168,0.981649389154399,1.0167908896762,"feedingdisorder","Eating Disorders"
"4",1.00520257994343,0.981130283196033,1.02986549699948,"ocd","OCD"
"5",0.964181860566658,0.956072148299592,0.972360362028317,"selfharm","Self-harm"
"6",0.984959298970125,0.97610328020302,0.993895666886745,"smi","Severe Mental Illness"
