"","Est","lci","uci","var","outcome_name"
"1",0.891155006277732,0.870008606565337,0.912815389665027,"anxiety","Anxiety"
"2",0.848949214215029,0.830950933874551,0.867337334775921,"depression","Depression"
"3",0.808772165397633,0.705153732957547,0.927616752135035,"feedingdisorder","Eating Disorders"
"4",0.896890683691326,0.753778561475084,1.06717402113178,"ocd","OCD"
"5",1.00476591858026,0.944414821731684,1.06897364157129,"selfharm","Self-harm"
"6",1.0680209707851,0.992039122866525,1.14982238879929,"smi","Severe Mental Illness"
