"","Est","lci","uci","var","outcome_name"
"1",1.02291375416067,1.02067628347603,1.02515612970608,"anxiety","Anxiety"
"2",1.02705960472816,1.02499243207431,1.02913094639112,"depression","Depression"
"3",1.02535875159349,1.01238950049628,1.03849414573538,"feedingdisorder","Eating Disorders"
"4",1.02505934726601,1.00756421466216,1.04285826166398,"ocd","OCD"
"5",0.995087478340707,0.988963216990117,1.00124966484002,"selfharm","Self-harm"
"6",1.00774051558465,1.00116458047566,1.01435964331491,"smi","Severe Mental Illness"
