"","Est","lci","uci","var","outcome_name"
"1",0.788847064519856,0.784858032837474,0.792856370408652,"anxiety","Anxiety"
"2",0.703842032913278,0.70072056700877,0.706977403860468,"depression","Depression"
"3",0.801060906512643,0.776678744891877,0.826208493747553,"feedingDisorder","Eating Disorders"
"4",0.885267743867248,0.851890934903506,0.919952245319499,"ocd","OCD"
"5",0.610919356775507,0.602844985428016,0.619101874452872,"selfharm","Self-harm"
"6",0.926098286893301,0.912533165690085,0.939865058316122,"smi","Severe Mental Illness"
