"","Est","lci","uci","var","outcome_name"
"1",1.00295900065025,1.00280165527822,1.00311637071068,"anxiety","Anxiety"
"2",1.00354677979159,1.00340773306602,1.00368584578549,"depression","Depression"
"3",1.00835749369246,1.00742029371209,1.00929556554708,"feedingDisorder","Eating Disorders"
"4",1.00184445482737,1.0006550383393,1.00303528510093,"ocd","OCD"
"5",1.00240193854879,1.00198101440586,1.00282303951856,"selfharm","Self-harm"
"6",0.998044476637202,0.997581548154853,0.998507619941869,"smi","Severe Mental Illness"
