"","Est","lci","uci","var","outcome_name"
"1",1.0032602151933,1.00311281291805,1.00340763912856,"anxiety","Anxiety"
"2",1.00411939485888,1.00398847579044,1.00425033099904,"depression","Depression"
"3",1.0085823098423,1.00770244714271,1.00946294078293,"feedingDisorder","Eating Disorders"
"4",1.00215498730689,1.00104123880409,1.00326997495517,"ocd","OCD"
"5",1.00256933692501,1.00217074048825,1.00296809189676,"selfharm","Self-harm"
"6",0.998142454360811,0.997709148408302,0.998575948498473,"smi","Severe Mental Illness"
