"","Est","lci","uci","var","outcome_name"
"1",0.752822799473355,0.749148326795714,0.756515294949653,"anxiety","Anxiety"
"2",0.654317201448764,0.651489472023513,0.657157204370436,"depression","Depression"
"3",0.740935330955951,0.71901995676843,0.763518674956073,"feedingDisorder","Eating Disorders"
"4",0.827425054502804,0.797197684727859,0.858798556411616,"ocd","OCD"
"5",0.581289199935546,0.573740298637723,0.588937424761695,"selfharm","Self-harm"
"6",0.902562818310092,0.889821365182014,0.915486717751741,"smi","Severe Mental Illness"
