"","Est","lci","uci","var","outcome_name"
"1",0.773154312376113,0.769306194160882,0.777021679121917,"anxiety","Anxiety"
"2",0.680642330741584,0.677660436549973,0.683637346096082,"depression","Depression"
"3",0.774005995191813,0.750792601992961,0.797937112063453,"feedingDisorder","Eating Disorders"
"4",0.868599961404826,0.836348516610291,0.902095093096242,"ocd","OCD"
"5",0.58822161303076,0.580542217843808,0.596002591028789,"selfharm","Self-harm"
"6",0.920164576005844,0.906921964140464,0.933600552654469,"smi","Severe Mental Illness"
