"","Est","lci","uci","var","outcome_name"
"1",0.759028658003767,0.755330204348242,0.762745221036308,"anxiety","Anxiety"
"2",0.659949793568795,0.657102060034411,0.662809868544146,"depression","Depression"
"3",0.747642847739414,0.725567385582742,0.770389958097361,"feedingDisorder","Eating Disorders"
"4",0.833936833719733,0.803511491548753,0.865514245843612,"ocd","OCD"
"5",0.58547456622011,0.577890091898148,0.593158582395353,"selfharm","Self-harm"
"6",0.907798576410847,0.895005787852312,0.92077421902611,"smi","Severe Mental Illness"
