"","Est","lci","uci","var","outcome_name"
"1",1.00373964422451,1.00360240114207,1.003876906075,"anxiety","Anxiety"
"2",1.00486073218189,1.00473806145636,1.00498341788456,"depression","Depression"
"3",1.00931657896302,1.00849474907175,1.01013907856959,"feedingDisorder","Eating Disorders"
"4",1.00320754539374,1.00216557332619,1.00425060082099,"ocd","OCD"
"5",1.0038129194665,1.00344037329367,1.00418560395413,"selfharm","Self-harm"
"6",0.998683011062585,0.99827901246343,0.999087173157983,"smi","Severe Mental Illness"
