"","Est","lci","uci","var","outcome_name"
"1",0.756201493384892,0.752513817585956,0.759907240550068,"anxiety","Anxiety"
"2",0.656573862299427,0.653740302680733,0.659419703645405,"depression","Depression"
"3",0.741762815882664,0.719863885005094,0.764327932665055,"feedingDisorder","Eating Disorders"
"4",0.832027398204784,0.801632265578132,0.863575009501598,"ocd","OCD"
"5",0.568089568242949,0.560758075716218,0.575516914552259,"selfharm","Self-harm"
"6",0.904323463269104,0.891562808563748,0.917266757163698,"smi","Severe Mental Illness"
