"","Est","lci","uci","var","outcome_name"
"1",1.00421034278548,1.00408211827122,1.00433858367443,"anxiety","Anxiety"
"2",1.00548283873075,1.00536764662412,1.00559804403576,"depression","Depression"
"3",1.01006246762004,1.00929119951994,1.01083432509859,"feedingDisorder","Eating Disorders"
"4",1.00445316849001,1.00347363253503,1.00543366061429,"ocd","OCD"
"5",1.00523416901362,1.00488125568599,1.00558720628407,"selfharm","Self-harm"
"6",0.99956830959172,0.99919131450441,0.999945446919353,"smi","Severe Mental Illness"
