"","Est","lci","uci","var","outcome_name"
"1",1.24256262970046,1.10398392637047,1.39853656547715,"anxiety","Anxiety"
"2",1.12358927311493,1.00855549672512,1.25174356667357,"depression","Depression"
"3",1.49505924838269,0.671096029233308,3.33067408956095,"feedingdisorder","Eating Disorders"
"4",2.9315944649738,1.14890615999244,7.48037255464062,"ocd","OCD"
"5",1.58373774566434,1.16297664252857,2.15672882439713,"selfharm","Self-harm"
"6",1.37109077247846,0.982513441216394,1.91334777471156,"smi","Severe Mental Illness"
