"","Est","lci","uci","var","outcome_name"
"1",1.39093817517505,1.23603620721334,1.56525269718525,"anxiety","Anxiety"
"2",1.30227513238361,1.1692958145081,1.45037765412527,"depression","Depression"
"3",2.45760610752507,1.12606385039484,5.36366368357066,"feedingdisorder","Eating Disorders"
"4",3.40522534967761,1.33755663325815,8.66921025530069,"ocd","OCD"
"5",1.78800544259268,1.31476584444816,2.43158390236619,"selfharm","Self-harm"
"6",1.46294885298504,1.04878815848742,2.04065933537703,"smi","Severe Mental Illness"
