"","Est","lci","uci","var","outcome_name"
"1",1.04546613019322,0.888507472579051,1.23015220818408,"anxiety","Anxiety"
"2",0.879404448967855,0.762886257881826,1.01371885634916,"depression","Depression"
"3",1.59630633093836,0.654036160769868,3.89610552908025,"feedingdisorder","Eating Disorders"
"4",3.38568317206356,1.07019548952337,10.7109875287361,"ocd","OCD"
"5",1.57527135538902,1.02181917819716,2.42849214034851,"selfharm","Self-harm"
"6",2.02302186224059,1.23663954841898,3.30946674019582,"smi","Severe Mental Illness"
