"","Est","lci","uci","var","outcome_name"
"1",1.02954290777279,0.946486303790645,1.11988794206547,"anxiety","Anxiety"
"2",1.02614534191105,0.950736363960248,1.10753548790291,"depression","Depression"
"3",1.76959397272726,1.05518772135731,2.9676831571586,"feedingdisorder","Eating Disorders"
"4",1.41498652093483,0.745399895361157,2.68605733229565,"ocd","OCD"
"5",1.60033848294824,1.28136985033183,1.99870728918888,"selfharm","Self-harm"
"6",0.960835550954514,0.752064235563669,1.22756130702868,"smi","Severe Mental Illness"
