"","Est","lci","uci","var","outcome_name"
"1",1.00373687249432,1.00359967937184,1.00387408437124,"anxiety","Anxiety"
"2",1.00488591373859,1.00476320232957,1.00500864013431,"depression","Depression"
"3",1.00929785344894,1.00847570625322,1.01012067088988,"feedingDisorder","Eating Disorders"
"4",1.00323139816803,1.00219012434945,1.00427375386832,"ocd","OCD"
"5",1.00368483513851,1.00331063610994,1.00405917372996,"selfharm","Self-harm"
"6",0.998690423442256,0.998286514356603,0.999094495950481,"smi","Severe Mental Illness"
