"","Est","lci","uci","var","outcome_name"
"1",0.776207206120618,0.77234387542931,0.780089861525315,"anxiety","Anxiety"
"2",0.68420818422608,0.68120927752848,0.687220293094699,"depression","Depression"
"3",0.780448696136757,0.757014000797018,0.804608853548649,"feedingDisorder","Eating Disorders"
"4",0.870645863224475,0.838350765246747,0.90418503873708,"ocd","OCD"
"5",0.607005105442155,0.599035061502599,0.615081189252297,"selfharm","Self-harm"
"6",0.923922347508579,0.910628359293598,0.937410410639914,"smi","Severe Mental Illness"
