"","Est","lci","uci","var","outcome_name"
"1",1.00326380526344,1.00311640994505,1.00341122223972,"anxiety","Anxiety"
"2",1.0040886361287,1.00395779758698,1.00421949172166,"depression","Depression"
"3",1.00860577868623,1.00772692518758,1.00948539864597,"feedingDisorder","Eating Disorders"
"4",1.00212276056266,1.00100830174111,1.00323846015161,"ocd","OCD"
"5",1.00272886678536,1.00233280283029,1.003125087242,"selfharm","Self-harm"
"6",0.998135182433595,0.997702083350987,0.998568469523041,"smi","Severe Mental Illness"
