"","Est","lci","uci","var","outcome_name"
"1",0.738292909553981,0.734770059320013,0.741832650070308,"anxiety","Anxiety"
"2",0.634804405682101,0.632112784623957,0.637507488023891,"depression","Depression"
"3",0.707764238595634,0.687212251459906,0.728930859964569,"feedingDisorder","Eating Disorders"
"4",0.788773494584911,0.760395215380802,0.818210863475931,"ocd","OCD"
"5",0.539308113472319,0.532415674486417,0.546289779198625,"selfharm","Self-harm"
"6",0.875968695529841,0.863889353535583,0.888216937050894,"smi","Severe Mental Illness"
