"","Est","lci","uci","var","outcome_name"
"1",1.22366002306554,1.10843540683443,1.35086252461476,"anxiety","Anxiety High"
"2",1.14540245232789,1.04613730262303,1.25408660460652,"depression","Depression High"
"3",1.52413749580416,0.8013854804723,2.89872372624856,"feedingdisorder","Eating Disorders High"
"4",3.38568317206356,1.07019548952337,10.7109875287361,"ocd","OCD High"
"5",1.77764211523794,1.37170522683776,2.30371032204383,"selfharm","Self-harm High"
"6",1.22597406747548,0.919499383738748,1.63459860952925,"smi","Severe Mental Illness High"
