"","Est","lci","uci","var","outcome_name"
"1",1.11129214241221,0.984135056340771,1.25487880736512,"anxiety","Anxiety"
"2",1.0131039823881,0.908649370817904,1.12956626845704,"depression","Depression"
"3",1.45652201543977,0.729232156368759,2.90916460955947,"feedingdisorder","Eating Disorders"
"4",2.9315944649738,1.14890615999244,7.48037255464062,"ocd","OCD"
"5",1.78635386087725,1.29543038443216,2.46332041815573,"selfharm","Self-harm"
"6",1.42023534146726,0.980266291167512,2.05767396403099,"smi","Severe Mental Illness"
