"","Est","lci","uci","var","outcome_name"
"1",1.05861186055251,0.937704047007829,1.19510956029081,"anxiety","Anxiety"
"2",0.993018823589384,0.890607264718249,1.1072067600019,"depression","Depression"
"3",1.73290950994093,0.869573174373161,3.45339007474378,"feedingdisorder","Eating Disorders"
"4",3.40522534967761,1.33755663325815,8.66921025530069,"ocd","OCD"
"5",1.81197674996443,1.3143034351411,2.49809873019101,"selfharm","Self-harm"
"6",1.49695080207257,1.03370625018414,2.16779351331827,"smi","Severe Mental Illness"
