"","Est","lci","uci","var","outcome_name"
"1",1.00380304679753,1.00366559737977,1.00394051503862,"anxiety","Anxiety"
"2",1.00496789480639,1.00484499300445,1.00509081164036,"depression","Depression"
"3",1.00936908841614,1.00854543746108,1.01019341202398,"feedingDisorder","Eating Disorders"
"4",1.00331900107001,1.00227599766013,1.00436308986567,"ocd","OCD"
"5",1.00355552722838,1.00318006077115,1.00393113421378,"selfharm","Self-harm"
"6",0.998781963463033,0.998377148106382,0.999186942961534,"smi","Severe Mental Illness"
